timestamp,sender,channel,message
2025-03-10 08:00:00,Engineer_A,#engineering,"Hey team, noticed a small thermal deviation on Panel 7 after this morning’s diagnostics. Probably nothing, but logging it here."
2025-03-10 08:05:00,Engineer_B,#engineering,"Yeah I saw a spike too — brief, but weird. Could just be morning warm-up fluctuation."
2025-03-10 08:10:00,Engineer_A,#engineering,"Not a huge deal, just think we should keep an eye on it through tomorrow."
2025-03-10 08:15:00,QA_Tech,#engineering,Logged. Let me know if you see it again in the next test cycle.
2025-03-10 08:20:00,PM_Lead,#project-mgmt,"Noted. Doesn’t sound urgent, so we’ll keep the checklist moving for now."
2025-03-10 08:25:00,Engineer_B,#engineering,"Saw the same anomaly again today at 13:42. Less sharp, but similar profile."
2025-03-10 08:30:00,Systems_Admin,#launch-ops,"Hmm, I’ll check the sensor logs and see if there’s any hardware weirdness."
2025-03-10 08:35:00,Engineer_A,#engineering,Sensor B-17 giving slightly off readings too. Starting to think it's not just noise.
2025-03-10 08:40:00,QA_Tech,#engineering,We ran a pass-through test and it didn’t show up. Could be intermittent.
2025-03-10 08:45:00,PM_Lead,#project-mgmt,Reminder: checklist deadline is EOD tomorrow. Please confirm all major blockers.
2025-03-10 08:50:00,Engineer_A,#engineering,Can we flag this in the pre-launch sync? I’m still seeing thermal drift.
2025-03-10 08:55:00,PM_Lead,#project-mgmt,"If QA isn’t flagging it, I don’t think it’s a showstopper."
2025-03-10 09:00:00,Systems_Admin,#launch-ops,Sensor data is patchy but not alarming. Nothing hitting auto-alert thresholds.
2025-03-10 09:05:00,QA_Tech,#project-mgmt,"We didn’t prioritize it in today’s test pass, focusing on electrical systems."
2025-03-10 09:10:00,Director,#leadership,Any blockers outstanding for Thursday’s window?
2025-03-10 09:15:00,PM_Lead,#leadership,Green from PM side. Minor sensor flag logged but deemed non-blocking by engineering.
2025-03-10 09:20:00,Engineer_B,#engineering,"Not convinced it’s harmless, but I’ll defer if no one else is seeing it."
2025-03-10 09:25:00,QA_Tech,#engineering,Last run came back clean again.
2025-03-10 09:30:00,Engineer_A,#engineering,Still feel like we’re ignoring something. Leaving logs here: /share/panel7_diag
2025-03-10 09:35:00,Systems_Admin,#engineering,"Logs reviewed. No criticals, just noise within tolerance."
2025-03-10 09:40:00,PM_Lead,#project-mgmt,Final checklist due by 5. No blockers filed.
2025-03-10 09:45:00,QA_Tech,#engineering,Submitting QA report now. All clear.
2025-03-10 09:50:00,Engineer_A,#engineering,Okay...guess we’re good to go.
2025-03-10 09:55:00,Director,#leadership,"Appreciate the hustle, team. No red flags logged — signing off on launch."
2025-03-10 10:00:00,Engineer_B,#engineering,Fingers crossed on Panel 7. Hope it's just a flaky sensor.
2025-03-10 10:05:00,Engineer_A,#engineering,Documenting full thread here in case anything changes post-launch.
2025-03-10 10:10:00,PM_Lead,#project-mgmt,"Great work, everyone. We’re officially a go."
2025-03-10 10:15:00,Systems_Admin,#launch-ops,Launch config locked.
2025-03-10 10:20:00,Director,#leadership,"Team, thanks for the push. Let’s make this one clean."
2025-03-10 10:25:00,Engineer_A,#engineering,Hope so...
